timestamp	paper_title	authors	journal	year	url	paper_score	model	curiosity_score	curiosity_scores	hashtags	status
20260314_165448	New approaches for challenging therapeutic targets - PMC	["Author Name"]	PubMed	None	https://pmc.ncbi.nlm.nih.gov/articles/PMC10997441/	0.4125	gemini-3.1-flash-lite-preview	34	{"curiosity": 7, "clarity": 8, "novelty": 6, "memorability": 7, "shareability": 6}	[]	scored
20260314_165448	New approaches for challenging therapeutic targets - PMC	["Author Name"]	PubMed	None	https://pmc.ncbi.nlm.nih.gov/articles/PMC10997441/	0.4125	gemini-3.1-flash-lite-preview	37	{"curiosity": 8, "clarity": 9, "novelty": 7, "memorability": 7, "shareability": 6}	["#Biotech", "#Biotechnology", "#MedicalScience", "#HealthScience", "#Science"]	completed
20260314_165502	Improving target assessment in biomedical research: the GOT-IT ...	["Author Name"]	Nature	2014	https://www.nature.com/articles/s41573-020-0087-3	0.5	gemini-3.1-flash-lite-preview	39	{"curiosity": 8, "clarity": 9, "novelty": 7, "memorability": 8, "shareability": 7}	[]	scored
20260314_165502	Improving target assessment in biomedical research: the GOT-IT ...	["Author Name"]	Nature	2014	https://www.nature.com/articles/s41573-020-0087-3	0.5	gemini-3.1-flash-lite-preview	39	{"curiosity": 8, "clarity": 9, "novelty": 7, "memorability": 8, "shareability": 7}	["#Biotech", "#Biotechnology", "#MedicalScience", "#HealthScience", "#Science"]	completed
20260314_170727	New discoveries in therapeutic targets and drug development ... - PMC	["Author Name"]	PubMed	2024	https://pmc.ncbi.nlm.nih.gov/articles/PMC12135312/	0.5	gemini-3.1-flash-lite-preview	35	{"curiosity": 7, "clarity": 8, "novelty": 7, "memorability": 7, "shareability": 6}	[]	scored
20260314_170727	New discoveries in therapeutic targets and drug development ... - PMC	["Author Name"]	PubMed	2024	https://pmc.ncbi.nlm.nih.gov/articles/PMC12135312/	0.5	gemini-3.1-flash-lite-preview	35	{"curiosity": 7, "clarity": 8, "novelty": 7, "memorability": 7, "shareability": 6}	["#Metabolism", "#Diabetes", "#Glucose", "#Biochemistry", "#ClinicalBiochemistry"]	completed
20260314_170733	Insights in genetics: from molecular mechanisms to patient ... - Nature	["Author Name"]	Nature	1970	https://www.nature.com/articles/s41431-025-01970-2	0.5	gemini-3.1-flash-lite-preview	39	{"curiosity": 8, "clarity": 9, "novelty": 7, "memorability": 8, "shareability": 7}	[]	scored
20260314_170733	Insights in genetics: from molecular mechanisms to patient ... - Nature	["Author Name"]	Nature	1970	https://www.nature.com/articles/s41431-025-01970-2	0.5	gemini-3.1-flash-lite-preview	39	{"curiosity": 8, "clarity": 9, "novelty": 7, "memorability": 8, "shareability": 7}	["#Biochemistry", "#ClinicalBiochemistry", "#Biotech", "#Biotechnology", "#MedicalScience"]	completed
20260314_180759	Research articles | Nature Biotechnology	["Author Name"]	Nature	None	https://www.nature.com/nbt/research-articles	0.5	gemini-3.1-flash-lite-preview	39	{"curiosity": 8, "clarity": 9, "novelty": 7, "memorability": 8, "shareability": 7}	[]	scored
20260314_180759	Research articles | Nature Biotechnology	["Author Name"]	Nature	None	https://www.nature.com/nbt/research-articles	0.5	gemini-3.1-flash-lite-preview	39	{"curiosity": 8, "clarity": 9, "novelty": 7, "memorability": 8, "shareability": 7}	["#Physiology", "#HumanPhysiology", "#Biotech", "#Biotechnology", "#MedicalScience"]	completed
20260314_180828	Clinical trials gain intelligence | Nature Biotechnology	["Author Name"]	Nature	2024	https://www.nature.com/articles/s41587-025-02754-1	0.5	gemini-3.1-flash-lite-preview	39	{"curiosity": 8, "clarity": 9, "novelty": 7, "memorability": 8, "shareability": 7}	[]	scored
20260314_180828	Clinical trials gain intelligence | Nature Biotechnology	["Author Name"]	Nature	2024	https://www.nature.com/articles/s41587-025-02754-1	0.5	gemini-3.1-flash-lite-preview	39	{"curiosity": 8, "clarity": 9, "novelty": 7, "memorability": 8, "shareability": 7}	["#Biotech", "#Biotechnology", "#MedicalScience", "#HealthScience", "#Science"]	completed
20260314_190856	DPP8 is a novel therapeutic target for multiple myeloma | Scientific Reports	["Author Name"]	Nature	None	https://www.nature.com/articles/s41598-019-54695-w	0.5	gemini-3.1-flash-lite-preview	32	{"curiosity": 7, "clarity": 8, "novelty": 6, "memorability": 6, "shareability": 5}	[]	scored
20260314_190856	DPP8 is a novel therapeutic target for multiple myeloma | Scientific Reports	["Author Name"]	Nature	None	https://www.nature.com/articles/s41598-019-54695-w	0.5	gemini-3.1-flash-lite-preview	34	{"curiosity": 7, "clarity": 8, "novelty": 7, "memorability": 6, "shareability": 6}	["#Biochemistry", "#ClinicalBiochemistry", "#Biotech", "#Biotechnology", "#MedicalScience"]	completed_low_score
20260314_190919	Therapeutic Target Identification and Drug Discovery Driven ...	["Author Name"]	PubMed	2082	https://pmc.ncbi.nlm.nih.gov/articles/PMC11352082/	0.4325000000000001	gemini-3.1-flash-lite-preview	34	{"curiosity": 7, "clarity": 8, "novelty": 7, "memorability": 6, "shareability": 6}	[]	scored
20260314_190919	Therapeutic Target Identification and Drug Discovery Driven ...	["Author Name"]	PubMed	2082	https://pmc.ncbi.nlm.nih.gov/articles/PMC11352082/	0.4325000000000001	gemini-3.1-flash-lite-preview	37	{"curiosity": 8, "clarity": 9, "novelty": 7, "memorability": 7, "shareability": 6}	["#Biotech", "#Biotechnology", "#MedicalScience", "#HealthScience", "#Science"]	completed
20260314_200956	Unlocking liver physiology: comprehensive pathway maps for ... - PMC	["Author Name"]	PubMed	2021	https://pmc.ncbi.nlm.nih.gov/articles/PMC12277266/	0.4275000000000001	gemini-3.1-flash-lite-preview	35	{"curiosity": 7, "clarity": 9, "novelty": 6, "memorability": 7, "shareability": 6}	[]	scored
20260314_200956	Unlocking liver physiology: comprehensive pathway maps for ... - PMC	["Author Name"]	PubMed	2021	https://pmc.ncbi.nlm.nih.gov/articles/PMC12277266/	0.4275000000000001	gemini-3.1-flash-lite-preview	35	{"curiosity": 7, "clarity": 9, "novelty": 6, "memorability": 7, "shareability": 6}	["#Metabolism", "#Diabetes", "#Glucose", "#Biochemistry", "#ClinicalBiochemistry"]	completed
20260314_201020	Health sciences - Latest research and news	["Author Name"]	Nature	1990	https://www.nature.com/subjects/health-sciences	0.5	gemini-3.1-flash-lite-preview	34	{"curiosity": 8, "clarity": 7, "novelty": 7, "memorability": 6, "shareability": 6}	[]	scored
20260314_201020	Health sciences - Latest research and news	["Author Name"]	Nature	1990	https://www.nature.com/subjects/health-sciences	0.5	gemini-3.1-flash-lite-preview	36	{"curiosity": 8, "clarity": 8, "novelty": 7, "memorability": 7, "shareability": 6}	["#Physiology", "#HumanPhysiology", "#Biotech", "#Biotechnology", "#MedicalScience"]	completed
20260314_211100	Impacts of Microgravity on Circadian Rhythms and Regulatory ...	["Author Name"]	Science	1959	https://spj.science.org/doi/10.34133/space.0251	0.5	gemini-3.1-flash-lite-preview	39	{"curiosity": 8, "clarity": 9, "novelty": 8, "memorability": 7, "shareability": 7}	[]	scored
20260314_211100	Impacts of Microgravity on Circadian Rhythms and Regulatory ...	["Author Name"]	Science	1959	https://spj.science.org/doi/10.34133/space.0251	0.5	gemini-3.1-flash-lite-preview	39	{"curiosity": 8, "clarity": 9, "novelty": 8, "memorability": 7, "shareability": 7}	["#Biochemistry", "#ClinicalBiochemistry", "#Physiology", "#HumanPhysiology", "#Biotech"]	completed
20260314_211106	Metabolomics‐driven approaches for identifying therapeutic ...	["Author Name"]	PubMed	None	https://pmc.ncbi.nlm.nih.gov/articles/PMC11555024/	0.43499999999999994	gemini-3.1-flash-lite-preview	36	{"curiosity": 8, "clarity": 7, "novelty": 8, "memorability": 7, "shareability": 6}	[]	scored
20260314_211106	Metabolomics‐driven approaches for identifying therapeutic ...	["Author Name"]	PubMed	None	https://pmc.ncbi.nlm.nih.gov/articles/PMC11555024/	0.43499999999999994	gemini-3.1-flash-lite-preview	36	{"curiosity": 8, "clarity": 7, "novelty": 8, "memorability": 7, "shareability": 6}	["#Metabolism", "#Diabetes", "#Glucose", "#Biochemistry", "#ClinicalBiochemistry"]	completed
20260314_221126	Biomarkers of Nutrition and Health: New Tools for New Approaches	["Author Name"]	PubMed	None	https://pmc.ncbi.nlm.nih.gov/articles/PMC6567133/	0.4	gemini-3.1-flash-lite-preview	39	{"curiosity": 8, "clarity": 9, "novelty": 7, "memorability": 8, "shareability": 7}	[]	scored
20260314_221126	Biomarkers of Nutrition and Health: New Tools for New Approaches	["Author Name"]	PubMed	None	https://pmc.ncbi.nlm.nih.gov/articles/PMC6567133/	0.4	gemini-3.1-flash-lite-preview	39	{"curiosity": 8, "clarity": 9, "novelty": 7, "memorability": 8, "shareability": 7}	["#Metabolism", "#Diabetes", "#Glucose", "#Physiology", "#HumanPhysiology"]	completed
20260314_221133	Emerging Biomarkers in Metabolomics: Advancements in Precision ...	["Author Name"]	PubMed	2057	https://pmc.ncbi.nlm.nih.gov/articles/PMC11642057/	0.515	gemini-3.1-flash-lite-preview	37	{"curiosity": 8, "clarity": 8, "novelty": 7, "memorability": 7, "shareability": 7}	[]	scored
20260314_221133	Emerging Biomarkers in Metabolomics: Advancements in Precision ...	["Author Name"]	PubMed	2057	https://pmc.ncbi.nlm.nih.gov/articles/PMC11642057/	0.515	gemini-3.1-flash-lite-preview	37	{"curiosity": 8, "clarity": 8, "novelty": 7, "memorability": 7, "shareability": 7}	["#Biochemistry", "#ClinicalBiochemistry", "#MedicalScience", "#HealthScience", "#Science"]	completed
20260314_231200	A novel approach for correction of crosstalk effects in pathway analysis and its application in osteoporosis research | Scientific Reports	["Author Name"]	Nature	1919	https://www.nature.com/articles/s41598-018-19196-2	0.5	gemini-3.1-flash-lite-preview	36	{"curiosity": 7, "clarity": 8, "novelty": 8, "memorability": 7, "shareability": 6}	[]	scored
20260314_231200	A novel approach for correction of crosstalk effects in pathway analysis and its application in osteoporosis research | Scientific Reports	["Author Name"]	Nature	1919	https://www.nature.com/articles/s41598-018-19196-2	0.5	gemini-3.1-flash-lite-preview	36	{"curiosity": 7, "clarity": 8, "novelty": 8, "memorability": 7, "shareability": 6}	["#Biochemistry", "#ClinicalBiochemistry", "#Biotech", "#Biotechnology", "#MedicalScience"]	completed
20260314_231206	Peptidomic analysis reveals novel peptide PDLC promotes cell proliferation in hepatocellular carcinoma via Ras/Raf/MEK/ERK pathway | Scientific Reports	["Author Name"]	Nature	2021	https://www.nature.com/articles/s41598-024-69789-3	0.5	gemini-3.1-flash-lite-preview	35	{"curiosity": 7, "clarity": 8, "novelty": 7, "memorability": 7, "shareability": 6}	[]	scored
20260314_231206	Peptidomic analysis reveals novel peptide PDLC promotes cell proliferation in hepatocellular carcinoma via Ras/Raf/MEK/ERK pathway | Scientific Reports	["Author Name"]	Nature	2021	https://www.nature.com/articles/s41598-024-69789-3	0.5	gemini-3.1-flash-lite-preview	35	{"curiosity": 7, "clarity": 8, "novelty": 7, "memorability": 7, "shareability": 6}	["#Biochemistry", "#ClinicalBiochemistry", "#Biotech", "#Biotechnology", "#Science"]	completed
20260315_001230	Spexin and Its Role in Metabolic Regulation | Nature Research Intelligence	["Author Name"]	Nature	2021	https://www.nature.com/research-intelligence/nri-topic-summaries/spexin-and-its-role-in-metabolic-regulation-micro-14605	0.5	gemini-3.1-flash-lite-preview	39	{"curiosity": 8, "clarity": 9, "novelty": 8, "memorability": 7, "shareability": 7}	[]	scored
20260315_001230	Spexin and Its Role in Metabolic Regulation | Nature Research Intelligence	["Author Name"]	Nature	2021	https://www.nature.com/research-intelligence/nri-topic-summaries/spexin-and-its-role-in-metabolic-regulation-micro-14605	0.5	gemini-3.1-flash-lite-preview	39	{"curiosity": 8, "clarity": 9, "novelty": 8, "memorability": 7, "shareability": 7}	["#Metabolism", "#Diabetes", "#Glucose", "#Biochemistry", "#ClinicalBiochemistry"]	completed
20260315_001237	Emerging Biomarkers in Metabolomics: Advancements in Precision ...	["Author Name"]	PubMed	2057	https://pmc.ncbi.nlm.nih.gov/articles/PMC11642057/	0.4700000000000001	gemini-3.1-flash-lite-preview	36	{"curiosity": 8, "clarity": 8, "novelty": 7, "memorability": 7, "shareability": 6}	[]	scored
20260315_001237	Emerging Biomarkers in Metabolomics: Advancements in Precision ...	["Author Name"]	PubMed	2057	https://pmc.ncbi.nlm.nih.gov/articles/PMC11642057/	0.4700000000000001	gemini-3.1-flash-lite-preview	36	{"curiosity": 8, "clarity": 8, "novelty": 7, "memorability": 7, "shareability": 6}	["#Biochemistry", "#ClinicalBiochemistry", "#MedicalScience", "#HealthScience", "#Science"]	completed
20260315_011301	Research on the mechanism of information infrastructure affecting industrial structure upgrading | Scientific Reports	["Author Name"]	Nature	None	https://www.nature.com/articles/s41598-022-24507-9	0.5	gemini-3.1-flash-lite-preview	35	{"curiosity": 7, "clarity": 8, "novelty": 7, "memorability": 7, "shareability": 6}	[]	scored
20260315_011301	Research on the mechanism of information infrastructure affecting industrial structure upgrading | Scientific Reports	["Author Name"]	Nature	None	https://www.nature.com/articles/s41598-022-24507-9	0.5	gemini-3.1-flash-lite-preview	35	{"curiosity": 7, "clarity": 8, "novelty": 7, "memorability": 7, "shareability": 6}	["#Physiology", "#HumanPhysiology", "#MedicalScience", "#HealthScience", "#Science"]	completed
20260315_011308	The impact mechanism of ownership change on university innovation | Scientific Reports	["Author Name"]	Nature	None	https://www.nature.com/articles/s41598-023-50482-w	0.5	gemini-3.1-flash-lite-preview	36	{"curiosity": 8, "clarity": 8, "novelty": 7, "memorability": 7, "shareability": 6}	[]	scored
20260315_011308	The impact mechanism of ownership change on university innovation | Scientific Reports	["Author Name"]	Nature	None	https://www.nature.com/articles/s41598-023-50482-w	0.5	gemini-3.1-flash-lite-preview	36	{"curiosity": 8, "clarity": 8, "novelty": 7, "memorability": 7, "shareability": 6}	["#Science", "#Research"]	completed
20260315_021332	Animal Models of Human Pathology: Revision, Relevance ... - PMC	["Author Name"]	PubMed	2039	https://pmc.ncbi.nlm.nih.gov/articles/PMC11592039/	0.42000000000000004	gemini-3.1-flash-lite-preview	39	{"curiosity": 8, "clarity": 9, "novelty": 7, "memorability": 8, "shareability": 7}	[]	scored
20260315_021332	Animal Models of Human Pathology: Revision, Relevance ... - PMC	["Author Name"]	PubMed	2039	https://pmc.ncbi.nlm.nih.gov/articles/PMC11592039/	0.42000000000000004	gemini-3.1-flash-lite-preview	39	{"curiosity": 8, "clarity": 9, "novelty": 7, "memorability": 8, "shareability": 7}	["#Physiology", "#HumanPhysiology", "#MedicalScience", "#HealthScience", "#Science"]	completed
20260315_021338	Emerging biomarkers for non-invasive diagnosis and treatment of ...	["Author Name"]	PubMed	2023	https://pmc.ncbi.nlm.nih.gov/articles/PMC11313249/	0.5	gemini-3.1-flash-lite-preview	37	{"curiosity": 7, "clarity": 9, "novelty": 6, "memorability": 8, "shareability": 7}	[]	scored
20260315_021338	Emerging biomarkers for non-invasive diagnosis and treatment of ...	["Author Name"]	PubMed	2023	https://pmc.ncbi.nlm.nih.gov/articles/PMC11313249/	0.5	gemini-3.1-flash-lite-preview	37	{"curiosity": 7, "clarity": 9, "novelty": 6, "memorability": 8, "shareability": 7}	["#Biochemistry", "#ClinicalBiochemistry", "#Physiology", "#HumanPhysiology", "#Biotech"]	completed
20260315_132952	Beyond Alzheimer's disease—translating biomarker insights across ...	["Author Name"]	Science	2023	https://www.science.org/doi/10.1126/scitranslmed.adr2511	0.5	gemini-3.1-flash-lite-preview	37	{"curiosity": 8, "clarity": 8, "novelty": 7, "memorability": 7, "shareability": 7}	[]	scored
20260315_132952	Beyond Alzheimer's disease—translating biomarker insights across ...	["Author Name"]	Science	2023	https://www.science.org/doi/10.1126/scitranslmed.adr2511	0.5	gemini-3.1-flash-lite-preview	37	{"curiosity": 8, "clarity": 8, "novelty": 7, "memorability": 7, "shareability": 7}	["#Biochemistry", "#ClinicalBiochemistry", "#Physiology", "#HumanPhysiology", "#MedicalScience"]	completed
20260315_132958	harnessing the power of digital biomarkers in healthcare - Nature	["Author Name"]	Nature	None	https://www.nature.com/articles/s41746-024-01023-w	0.5	gemini-3.1-flash-lite-preview	35	{"curiosity": 7, "clarity": 8, "novelty": 7, "memorability": 7, "shareability": 6}	[]	scored
20260315_132958	harnessing the power of digital biomarkers in healthcare - Nature	["Author Name"]	Nature	None	https://www.nature.com/articles/s41746-024-01023-w	0.5	gemini-3.1-flash-lite-preview	35	{"curiosity": 7, "clarity": 8, "novelty": 7, "memorability": 7, "shareability": 6}	["#Physiology", "#HumanPhysiology", "#Biotech", "#Biotechnology", "#MedicalScience"]	completed
20260315_143020	Metabolic regulation of the immune system in health and ...	["Author Name"]	Nature	1954	https://www.nature.com/articles/s41392-024-01954-6	0.5	gemini-3.1-flash-lite-preview	39	{"curiosity": 8, "clarity": 9, "novelty": 7, "memorability": 8, "shareability": 7}	[]	scored
20260315_143020	Metabolic regulation of the immune system in health and ...	["Author Name"]	Nature	1954	https://www.nature.com/articles/s41392-024-01954-6	0.5	gemini-3.1-flash-lite-preview	39	{"curiosity": 8, "clarity": 9, "novelty": 7, "memorability": 8, "shareability": 7}	["#Metabolism", "#Diabetes", "#Glucose", "#Biochemistry", "#ClinicalBiochemistry"]	completed
20260315_143026	Editorial: Upping the heat: capsaicin for human health - PMC	["Author Name"]	PubMed	2035	https://pmc.ncbi.nlm.nih.gov/articles/PMC12340237/	0.45000000000000007	gemini-3.1-flash-lite-preview	39	{"curiosity": 8, "clarity": 9, "novelty": 7, "memorability": 8, "shareability": 7}	[]	scored
20260315_143026	Editorial: Upping the heat: capsaicin for human health - PMC	["Author Name"]	PubMed	2035	https://pmc.ncbi.nlm.nih.gov/articles/PMC12340237/	0.45000000000000007	gemini-3.1-flash-lite-preview	39	{"curiosity": 8, "clarity": 9, "novelty": 7, "memorability": 8, "shareability": 7}	["#Metabolism", "#Diabetes", "#Glucose", "#Biochemistry", "#ClinicalBiochemistry"]	completed
20260315_153049	Impacts of Microgravity on Circadian Rhythms and Regulatory ...	["Author Name"]	Science	1959	https://spj.science.org/doi/10.34133/space.0251	0.5	gemini-3.1-flash-lite-preview	39	{"curiosity": 8, "clarity": 9, "novelty": 8, "memorability": 7, "shareability": 7}	[]	scored
20260315_153049	Impacts of Microgravity on Circadian Rhythms and Regulatory ...	["Author Name"]	Science	1959	https://spj.science.org/doi/10.34133/space.0251	0.5	gemini-3.1-flash-lite-preview	39	{"curiosity": 8, "clarity": 9, "novelty": 8, "memorability": 7, "shareability": 7}	["#Physiology", "#HumanPhysiology", "#Science", "#Research"]	completed
20260315_153055	Clinical trials gain intelligence | Nature Biotechnology	["Author Name"]	Nature	2024	https://www.nature.com/articles/s41587-025-02754-1	0.5	gemini-3.1-flash-lite-preview	38	{"curiosity": 8, "clarity": 9, "novelty": 7, "memorability": 7, "shareability": 7}	[]	scored
20260315_153055	Clinical trials gain intelligence | Nature Biotechnology	["Author Name"]	Nature	2024	https://www.nature.com/articles/s41587-025-02754-1	0.5	gemini-3.1-flash-lite-preview	38	{"curiosity": 8, "clarity": 9, "novelty": 7, "memorability": 7, "shareability": 7}	["#Biotech", "#Biotechnology", "#MedicalScience", "#HealthScience", "#Science"]	completed
20260315_163116	Unraveling the Complexity of Metabolic Disorders Through Biomarkers	["Author Name"]	PubMed	2025	https://pmc.ncbi.nlm.nih.gov/articles/PMC12561821/	0.4325	gemini-3.1-flash-lite-preview	35	{"curiosity": 7, "clarity": 8, "novelty": 7, "memorability": 7, "shareability": 6}	[]	scored
20260315_163116	Unraveling the Complexity of Metabolic Disorders Through Biomarkers	["Author Name"]	PubMed	2025	https://pmc.ncbi.nlm.nih.gov/articles/PMC12561821/	0.4325	gemini-3.1-flash-lite-preview	35	{"curiosity": 7, "clarity": 8, "novelty": 7, "memorability": 7, "shareability": 6}	["#Metabolism", "#Diabetes", "#Glucose", "#Biochemistry", "#ClinicalBiochemistry"]	completed
20260315_163123	Metabolic regulation of transcription through compartmentalized ...	["Author Name"]	Science	2012	https://www.science.org/doi/10.1126/science.aan5780	0.5	gemini-3.1-flash-lite-preview	40	{"curiosity": 8, "clarity": 9, "novelty": 8, "memorability": 8, "shareability": 7}	[]	scored
20260315_163123	Metabolic regulation of transcription through compartmentalized ...	["Author Name"]	Science	2012	https://www.science.org/doi/10.1126/science.aan5780	0.5	gemini-3.1-flash-lite-preview	40	{"curiosity": 8, "clarity": 9, "novelty": 8, "memorability": 8, "shareability": 7}	["#Metabolism", "#Diabetes", "#Glucose", "#Biochemistry", "#ClinicalBiochemistry"]	completed
20260316_012730	Wild-type RAS signaling is an essential therapeutic target ...	["Author Name"]	Science	2025	https://www.science.org/doi/10.1126/scisignal.adx5186	0.5	gemini-3.1-flash-lite-preview	39	{"curiosity": 8, "clarity": 9, "novelty": 8, "memorability": 7, "shareability": 7}	[]	scored
20260316_012730	Wild-type RAS signaling is an essential therapeutic target ...	["Author Name"]	Science	2025	https://www.science.org/doi/10.1126/scisignal.adx5186	0.5	gemini-3.1-flash-lite-preview	39	{"curiosity": 8, "clarity": 9, "novelty": 8, "memorability": 7, "shareability": 7}	["#Biochemistry", "#ClinicalBiochemistry", "#Biotech", "#Biotechnology", "#MedicalScience"]	completed
20260316_012739	Metabolic regulation of the immune system in health and diseases	["Author Name"]	Nature	1954	https://www.nature.com/articles/s41392-024-01954-6	0.5	gemini-3.1-flash-lite-preview	39	{"curiosity": 8, "clarity": 9, "novelty": 7, "memorability": 8, "shareability": 7}	[]	scored
20260316_012739	Metabolic regulation of the immune system in health and diseases	["Author Name"]	Nature	1954	https://www.nature.com/articles/s41392-024-01954-6	0.5	gemini-3.1-flash-lite-preview	39	{"curiosity": 8, "clarity": 9, "novelty": 7, "memorability": 8, "shareability": 7}	["#Metabolism", "#Diabetes", "#Glucose", "#Biochemistry", "#ClinicalBiochemistry"]	completed
20260316_014306	Metabolic dysregulation in pulmonary fibrosis: insights into amino ...	["Author Name"]	Nature	2019	https://www.nature.com/articles/s41420-025-02715-2	0.5	gemini-3.1-flash-lite-preview	40	{"curiosity": 8, "clarity": 9, "novelty": 8, "memorability": 8, "shareability": 7}	[]	scored
20260316_014306	Metabolic dysregulation in pulmonary fibrosis: insights into amino ...	["Author Name"]	Nature	2019	https://www.nature.com/articles/s41420-025-02715-2	0.5	gemini-3.1-flash-lite-preview	40	{"curiosity": 8, "clarity": 9, "novelty": 8, "memorability": 8, "shareability": 7}	["#Metabolism", "#Diabetes", "#Glucose", "#Biochemistry", "#ClinicalBiochemistry"]	completed
20260316_014311	Data Science in Medical and Healthcare: Current Landscape - PMC	["Author Name"]	PubMed	2086	https://pmc.ncbi.nlm.nih.gov/articles/PMC12086459/	0.48	gemini-3.1-flash-lite-preview	34	{"curiosity": 7, "clarity": 8, "novelty": 7, "memorability": 6, "shareability": 6}	[]	scored
20260316_014311	Data Science in Medical and Healthcare: Current Landscape - PMC	["Author Name"]	PubMed	2086	https://pmc.ncbi.nlm.nih.gov/articles/PMC12086459/	0.48	gemini-3.1-flash-lite-preview	35	{"curiosity": 7, "clarity": 8, "novelty": 7, "memorability": 7, "shareability": 6}	["#Physiology", "#HumanPhysiology", "#MedicalScience", "#HealthScience", "#Science"]	completed
20260316_015845	Metabolic pathways articles within Scientific Reports - Nature	["Author Name"]	Nature	None	https://www.nature.com/subjects/metabolic-pathways/srep	0.5	gemini-3.1-flash-lite-preview	39	{"curiosity": 8, "clarity": 8, "novelty": 9, "memorability": 7, "shareability": 7}	[]	scored
20260316_015845	Metabolic pathways articles within Scientific Reports - Nature	["Author Name"]	Nature	None	https://www.nature.com/subjects/metabolic-pathways/srep	0.5	gemini-3.1-flash-lite-preview	39	{"curiosity": 8, "clarity": 8, "novelty": 9, "memorability": 7, "shareability": 7}	["#Metabolism", "#Diabetes", "#Glucose", "#Biochemistry", "#ClinicalBiochemistry"]	completed
20260316_015851	Characterization of Myeloid Cellular Populations in Mesenteric and ...	["Author Name"]	Nature	2005	https://www.nature.com/articles/s41598-020-58678-0	0.5	gemini-3.1-flash-lite-preview	36	{"curiosity": 8, "clarity": 8, "novelty": 7, "memorability": 7, "shareability": 6}	[]	scored
20260316_015851	Characterization of Myeloid Cellular Populations in Mesenteric and ...	["Author Name"]	Nature	2005	https://www.nature.com/articles/s41598-020-58678-0	0.5	gemini-3.1-flash-lite-preview	36	{"curiosity": 8, "clarity": 8, "novelty": 7, "memorability": 7, "shareability": 6}	["#Metabolism", "#Diabetes", "#Glucose", "#Biochemistry", "#ClinicalBiochemistry"]	completed
20260316_021414	Structure, biochemical function, and signaling mechanism of plant ...	["Author Name"]	Cell	2052	https://www.cell.com/molecular-plant/fulltext/S1674-2052(22)00411-7	0.5	gemini-3.1-flash-lite-preview	35	{"curiosity": 7, "clarity": 8, "novelty": 7, "memorability": 7, "shareability": 6}	[]	scored
20260316_021414	Structure, biochemical function, and signaling mechanism of plant ...	["Author Name"]	Cell	2052	https://www.cell.com/molecular-plant/fulltext/S1674-2052(22)00411-7	0.5	gemini-3.1-flash-lite-preview	35	{"curiosity": 7, "clarity": 8, "novelty": 7, "memorability": 7, "shareability": 6}	["#Biochemistry", "#ClinicalBiochemistry", "#Physiology", "#HumanPhysiology", "#Science"]	completed
20260316_021439	New approaches for challenging therapeutic targets - PMC	["Author Name"]	PubMed	None	https://pmc.ncbi.nlm.nih.gov/articles/PMC10997441/	0.4125	gemini-3.1-flash-lite-preview	34	{"curiosity": 7, "clarity": 8, "novelty": 6, "memorability": 7, "shareability": 6}	[]	scored
20260316_021439	New approaches for challenging therapeutic targets - PMC	["Author Name"]	PubMed	None	https://pmc.ncbi.nlm.nih.gov/articles/PMC10997441/	0.4125	gemini-3.1-flash-lite-preview	34	{"curiosity": 7, "clarity": 8, "novelty": 6, "memorability": 7, "shareability": 6}	["#Biochemistry", "#ClinicalBiochemistry", "#Biotech", "#Biotechnology", "#MedicalScience"]	completed_low_score
20260316_023026	Microphysiological systems to advance human pathophysiology and ...	["Author Name"]	PubMed	2091	https://pmc.ncbi.nlm.nih.gov/articles/PMC12091598/	0.405	gemini-3.1-flash-lite-preview	39	{"curiosity": 8, "clarity": 9, "novelty": 7, "memorability": 8, "shareability": 7}	[]	scored
20260316_023026	Microphysiological systems to advance human pathophysiology and ...	["Author Name"]	PubMed	2091	https://pmc.ncbi.nlm.nih.gov/articles/PMC12091598/	0.405	gemini-3.1-flash-lite-preview	39	{"curiosity": 8, "clarity": 9, "novelty": 7, "memorability": 8, "shareability": 7}	["#Physiology", "#HumanPhysiology", "#Biotech", "#Biotechnology", "#MedicalScience"]	completed
20260316_023033	Bridging the gap: From petri dish to patient - Advancements in ... - PMC	["Author Name"]	PubMed	None	https://pmc.ncbi.nlm.nih.gov/articles/PMC11730937/	0.4075	gemini-3.1-flash-lite-preview	37	{"curiosity": 7, "clarity": 9, "novelty": 6, "memorability": 8, "shareability": 7}	[]	scored
20260316_023033	Bridging the gap: From petri dish to patient - Advancements in ... - PMC	["Author Name"]	PubMed	None	https://pmc.ncbi.nlm.nih.gov/articles/PMC11730937/	0.4075	gemini-3.1-flash-lite-preview	37	{"curiosity": 7, "clarity": 9, "novelty": 6, "memorability": 8, "shareability": 7}	["#Physiology", "#HumanPhysiology", "#MedicalScience", "#HealthScience", "#Science"]	completed
20260316_024553	Engineered Human Contractile Myofiber Sheets as a Platform for Studies of Skeletal Muscle Physiology | Scientific Reports	["Author Name"]	Nature	None	https://www.nature.com/articles/s41598-018-32163-1	0.5	gemini-3.1-flash-lite-preview	34	{"curiosity": 7, "clarity": 8, "novelty": 7, "memorability": 6, "shareability": 6}	[]	scored
20260316_024553	Engineered Human Contractile Myofiber Sheets as a Platform for Studies of Skeletal Muscle Physiology | Scientific Reports	["Author Name"]	Nature	None	https://www.nature.com/articles/s41598-018-32163-1	0.5	gemini-3.1-flash-lite-preview	37	{"curiosity": 7, "clarity": 9, "novelty": 8, "memorability": 7, "shareability": 6}	["#Physiology", "#HumanPhysiology", "#Biotech", "#Biotechnology", "#MedicalScience"]	completed
20260316_024608	Neuronal physiology - Latest research and news | Nature	["Author Name"]	Nature	1999	https://www.nature.com/subjects/neuronal-physiology	0.5	gemini-3.1-flash-lite-preview	39	{"curiosity": 8, "clarity": 9, "novelty": 8, "memorability": 7, "shareability": 7}	[]	scored
20260316_024608	Neuronal physiology - Latest research and news | Nature	["Author Name"]	Nature	1999	https://www.nature.com/subjects/neuronal-physiology	0.5	gemini-3.1-flash-lite-preview	39	{"curiosity": 8, "clarity": 9, "novelty": 8, "memorability": 7, "shareability": 7}	["#Biochemistry", "#ClinicalBiochemistry", "#Physiology", "#HumanPhysiology", "#MedicalScience"]	completed
20260316_030130	Longevity biotechnology: bridging AI, biomarkers, geroscience and ...	["Author Name"]	PubMed	2023	https://pmc.ncbi.nlm.nih.gov/articles/PMC11552646/	0.48250000000000004	gemini-3.1-flash-lite-preview	39	{"curiosity": 8, "clarity": 9, "novelty": 7, "memorability": 8, "shareability": 7}	[]	scored
20260316_030130	Longevity biotechnology: bridging AI, biomarkers, geroscience and ...	["Author Name"]	PubMed	2023	https://pmc.ncbi.nlm.nih.gov/articles/PMC11552646/	0.48250000000000004	gemini-3.1-flash-lite-preview	39	{"curiosity": 8, "clarity": 9, "novelty": 7, "memorability": 8, "shareability": 7}	["#Biochemistry", "#ClinicalBiochemistry", "#Biotech", "#Biotechnology", "#MedicalScience"]	completed
20260316_030137	Biomarkers of COVID-19 and technologies to combat SARS-CoV-2	["Author Name"]	PubMed	None	https://pmc.ncbi.nlm.nih.gov/articles/PMC7435336/	0.4275	gemini-3.1-flash-lite-preview	34	{"curiosity": 7, "clarity": 8, "novelty": 6, "memorability": 7, "shareability": 6}	[]	scored
20260316_030137	Biomarkers of COVID-19 and technologies to combat SARS-CoV-2	["Author Name"]	PubMed	None	https://pmc.ncbi.nlm.nih.gov/articles/PMC7435336/	0.4275	gemini-3.1-flash-lite-preview	30	{"curiosity": 6, "clarity": 8, "novelty": 5, "memorability": 6, "shareability": 5}	["#Biotech", "#Biotechnology", "#MedicalScience", "#HealthScience", "#Science"]	completed_low_score
20260316_065447	Metabolic regulation of the immune system in health and diseases	["Author Name"]	Nature	1954	https://www.nature.com/articles/s41392-024-01954-6	0.5	gemini-3.1-flash-lite-preview	39	{"curiosity": 8, "clarity": 9, "novelty": 7, "memorability": 8, "shareability": 7}	[]	scored
20260316_065447	Metabolic regulation of the immune system in health and diseases	["Author Name"]	Nature	1954	https://www.nature.com/articles/s41392-024-01954-6	0.5	gemini-3.1-flash-lite-preview	39	{"curiosity": 8, "clarity": 9, "novelty": 7, "memorability": 8, "shareability": 7}	["#Metabolism", "#Diabetes", "#Glucose", "#Biochemistry", "#ClinicalBiochemistry"]	completed
20260316_065454	Editorial: Upping the heat: capsaicin for human health - PMC	["Author Name"]	PubMed	2035	https://pmc.ncbi.nlm.nih.gov/articles/PMC12340237/	0.45000000000000007	gemini-3.1-flash-lite-preview	39	{"curiosity": 8, "clarity": 9, "novelty": 7, "memorability": 8, "shareability": 7}	[]	scored
20260316_065454	Editorial: Upping the heat: capsaicin for human health - PMC	["Author Name"]	PubMed	2035	https://pmc.ncbi.nlm.nih.gov/articles/PMC12340237/	0.45000000000000007	gemini-3.1-flash-lite-preview	39	{"curiosity": 8, "clarity": 9, "novelty": 7, "memorability": 8, "shareability": 7}	["#Metabolism", "#Diabetes", "#Glucose", "#MedicalScience", "#HealthScience"]	completed
20260316_071018	Drug resistance in cancer: molecular mechanisms and emerging ...	["Author Name"]	PubMed	None	https://pmc.ncbi.nlm.nih.gov/articles/PMC12623568/	0.4725	gemini-3.1-flash-lite-preview	39	{"curiosity": 8, "clarity": 9, "novelty": 7, "memorability": 8, "shareability": 7}	[]	scored
20260316_071018	Drug resistance in cancer: molecular mechanisms and emerging ...	["Author Name"]	PubMed	None	https://pmc.ncbi.nlm.nih.gov/articles/PMC12623568/	0.4725	gemini-3.1-flash-lite-preview	39	{"curiosity": 8, "clarity": 9, "novelty": 7, "memorability": 8, "shareability": 7}	["#Biochemistry", "#ClinicalBiochemistry", "#MedicalScience", "#HealthScience", "#Science"]	completed
20260316_071024	Advances in Molecular Medicine: Unravelling Disease Complexity ...	["Author Name"]	PubMed	2023	https://pmc.ncbi.nlm.nih.gov/articles/PMC10531697/	0.48250000000000004	gemini-3.1-flash-lite-preview	32	{"curiosity": 7, "clarity": 8, "novelty": 6, "memorability": 6, "shareability": 5}	[]	scored
20260316_071024	Advances in Molecular Medicine: Unravelling Disease Complexity ...	["Author Name"]	PubMed	2023	https://pmc.ncbi.nlm.nih.gov/articles/PMC10531697/	0.48250000000000004	gemini-3.1-flash-lite-preview	35	{"curiosity": 8, "clarity": 7, "novelty": 7, "memorability": 7, "shareability": 6}	["#Biochemistry", "#ClinicalBiochemistry", "#MedicalScience", "#HealthScience", "#Science"]	completed
20260316_072650	Metabolomics‐driven approaches for identifying therapeutic targets ...	["Author Name"]	PubMed	None	https://pmc.ncbi.nlm.nih.gov/articles/PMC11555024/	0.43499999999999994	gemini-3.1-flash-lite-preview	36	{"curiosity": 8, "clarity": 7, "novelty": 8, "memorability": 7, "shareability": 6}	[]	scored
20260316_072650	Metabolomics‐driven approaches for identifying therapeutic targets ...	["Author Name"]	PubMed	None	https://pmc.ncbi.nlm.nih.gov/articles/PMC11555024/	0.43499999999999994	gemini-3.1-flash-lite-preview	36	{"curiosity": 8, "clarity": 7, "novelty": 8, "memorability": 7, "shareability": 6}	["#Biochemistry", "#ClinicalBiochemistry", "#Biotech", "#Biotechnology", "#MedicalScience"]	completed
20260316_072707	Microphysiological systems to advance human pathophysiology and ...	["Author Name"]	PubMed	2091	https://pmc.ncbi.nlm.nih.gov/articles/PMC12091598/	0.43000000000000005	gemini-3.1-flash-lite-preview	38	{"curiosity": 8, "clarity": 9, "novelty": 7, "memorability": 7, "shareability": 7}	[]	scored
20260316_072707	Microphysiological systems to advance human pathophysiology and ...	["Author Name"]	PubMed	2091	https://pmc.ncbi.nlm.nih.gov/articles/PMC12091598/	0.43000000000000005	gemini-3.1-flash-lite-preview	38	{"curiosity": 8, "clarity": 9, "novelty": 7, "memorability": 7, "shareability": 7}	["#Physiology", "#HumanPhysiology", "#Biotech", "#Biotechnology", "#MedicalScience"]	completed
20260316_074228	Biotechnology articles within Nature Communications	["Author Name"]	Nature	None	https://www.nature.com/subjects/biotechnology/ncomms	0.5	gemini-3.1-flash-lite-preview	36	{"curiosity": 8, "clarity": 8, "novelty": 7, "memorability": 7, "shareability": 6}	[]	scored
20260316_074228	Biotechnology articles within Nature Communications	["Author Name"]	Nature	None	https://www.nature.com/subjects/biotechnology/ncomms	0.5	gemini-3.1-flash-lite-preview	36	{"curiosity": 8, "clarity": 8, "novelty": 7, "memorability": 7, "shareability": 6}	["#Biochemistry", "#ClinicalBiochemistry", "#Biotech", "#Biotechnology", "#MedicalScience"]	completed
20260316_074248	Metabolic regulation of the immune system in health and diseases	["Author Name"]	Nature	1954	https://www.nature.com/articles/s41392-024-01954-6	0.5	gemini-3.1-flash-lite-preview	39	{"curiosity": 8, "clarity": 9, "novelty": 7, "memorability": 8, "shareability": 7}	[]	scored
20260316_074248	Metabolic regulation of the immune system in health and diseases	["Author Name"]	Nature	1954	https://www.nature.com/articles/s41392-024-01954-6	0.5	gemini-3.1-flash-lite-preview	39	{"curiosity": 8, "clarity": 9, "novelty": 7, "memorability": 8, "shareability": 7}	["#Metabolism", "#Diabetes", "#Glucose", "#Biochemistry", "#ClinicalBiochemistry"]	completed
20260316_075838	Integrating molecular biomarkers and emerging technologies - PMC	["Author Name"]	PubMed	2024	https://pmc.ncbi.nlm.nih.gov/articles/PMC11871436/	0.5	gemini-3.1-flash-lite-preview	39	{"curiosity": 8, "clarity": 9, "novelty": 7, "memorability": 8, "shareability": 7}	[]	scored
20260316_075838	Integrating molecular biomarkers and emerging technologies - PMC	["Author Name"]	PubMed	2024	https://pmc.ncbi.nlm.nih.gov/articles/PMC11871436/	0.5	gemini-3.1-flash-lite-preview	39	{"curiosity": 8, "clarity": 9, "novelty": 7, "memorability": 8, "shareability": 7}	["#Biotech", "#Biotechnology", "#MedicalScience", "#HealthScience", "#Science"]	completed
20260316_075858	Biomarkers | Nature Biotechnology	["Author Name"]	Nature	None	https://www.nature.com/subjects/biomarkers/nbt?searchType=journalSearch&sort=PubDate&page=2	0.5	gemini-3.1-flash-lite-preview	39	{"curiosity": 8, "clarity": 9, "novelty": 7, "memorability": 8, "shareability": 7}	[]	scored
20260316_075858	Biomarkers | Nature Biotechnology	["Author Name"]	Nature	None	https://www.nature.com/subjects/biomarkers/nbt?searchType=journalSearch&sort=PubDate&page=2	0.5	gemini-3.1-flash-lite-preview	39	{"curiosity": 8, "clarity": 9, "novelty": 7, "memorability": 8, "shareability": 7}	["#Biotech", "#Biotechnology", "#MedicalScience", "#HealthScience", "#Science"]	completed
20260316_081416	In Silico Pre-Clinical Validation Approach in the Face of Lung Cancer	["Author Name"]	PubMed	2018	https://pmc.ncbi.nlm.nih.gov/articles/PMC11452870/	0.5525	gemini-3.1-flash-lite-preview	36	{"curiosity": 8, "clarity": 8, "novelty": 7, "memorability": 7, "shareability": 6}	[]	scored
20260316_081416	In Silico Pre-Clinical Validation Approach in the Face of Lung Cancer	["Author Name"]	PubMed	2018	https://pmc.ncbi.nlm.nih.gov/articles/PMC11452870/	0.5525	gemini-3.1-flash-lite-preview	36	{"curiosity": 8, "clarity": 8, "novelty": 7, "memorability": 7, "shareability": 6}	["#Biotech", "#Biotechnology", "#MedicalScience", "#HealthScience", "#Science"]	completed
20260316_081422	Biomarkers: Promising and valuable tools towards diagnosis ... - PMC	["Author Name"]	PubMed	2003	https://pmc.ncbi.nlm.nih.gov/articles/PMC9884646/	0.4100000000000001	gemini-3.1-flash-lite-preview	34	{"curiosity": 7, "clarity": 8, "novelty": 6, "memorability": 7, "shareability": 6}	[]	scored
20260316_081422	Biomarkers: Promising and valuable tools towards diagnosis ... - PMC	["Author Name"]	PubMed	2003	https://pmc.ncbi.nlm.nih.gov/articles/PMC9884646/	0.4100000000000001	gemini-3.1-flash-lite-preview	39	{"curiosity": 8, "clarity": 9, "novelty": 7, "memorability": 8, "shareability": 7}	["#Biochemistry", "#ClinicalBiochemistry", "#Biotech", "#Biotechnology", "#MedicalScience"]	completed
20260316_082950	Energy metabolism in health and diseases - PMC	["Author Name"]	PubMed	None	https://pmc.ncbi.nlm.nih.gov/articles/PMC11836267/	0.4075000000000001	gemini-3.1-flash-lite-preview	34	{"curiosity": 7, "clarity": 8, "novelty": 6, "memorability": 7, "shareability": 6}	[]	scored
20260316_082950	Energy metabolism in health and diseases - PMC	["Author Name"]	PubMed	None	https://pmc.ncbi.nlm.nih.gov/articles/PMC11836267/	0.4075000000000001	gemini-3.1-flash-lite-preview	34	{"curiosity": 7, "clarity": 8, "novelty": 6, "memorability": 7, "shareability": 6}	["#Metabolism", "#Diabetes", "#Glucose", "#Biochemistry", "#ClinicalBiochemistry"]	completed_low_score
20260316_083103	Energy metabolism in health and diseases - Nature	["Author Name"]	Nature	None	https://www.nature.com/articles/s41392-025-02141-x	0.5	gemini-3.1-flash-lite-preview	37	{"curiosity": 7, "clarity": 9, "novelty": 6, "memorability": 8, "shareability": 7}	[]	scored
20260316_083103	Energy metabolism in health and diseases - Nature	["Author Name"]	Nature	None	https://www.nature.com/articles/s41392-025-02141-x	0.5	gemini-3.1-flash-lite-preview	37	{"curiosity": 7, "clarity": 9, "novelty": 6, "memorability": 8, "shareability": 7}	["#Metabolism", "#Diabetes", "#Glucose", "#Biochemistry", "#ClinicalBiochemistry"]	completed
20260316_084624	Iron deposition in substantia nigra: abnormal iron metabolism, neuroinflammatory mechanism and clinical relevance | Scientific Reports	["Author Name"]	Nature	2017	https://www.nature.com/articles/s41598-017-14721-1	0.5	gemini-3.1-flash-lite-preview	39	{"curiosity": 8, "clarity": 9, "novelty": 7, "memorability": 8, "shareability": 7}	[]	scored
20260316_084624	Iron deposition in substantia nigra: abnormal iron metabolism, neuroinflammatory mechanism and clinical relevance | Scientific Reports	["Author Name"]	Nature	2017	https://www.nature.com/articles/s41598-017-14721-1	0.5	gemini-3.1-flash-lite-preview	39	{"curiosity": 8, "clarity": 9, "novelty": 7, "memorability": 8, "shareability": 7}	["#Metabolism", "#Diabetes", "#Glucose", "#Biochemistry", "#ClinicalBiochemistry"]	completed
20260316_084629	Clinical metabolomics: Useful insights, perspectives and challenges	["Author Name"]	PubMed	None	https://pmc.ncbi.nlm.nih.gov/articles/PMC11247213/	0.405	gemini-3.1-flash-lite-preview	34	{"curiosity": 7, "clarity": 8, "novelty": 6, "memorability": 7, "shareability": 6}	[]	scored
20260316_084629	Clinical metabolomics: Useful insights, perspectives and challenges	["Author Name"]	PubMed	None	https://pmc.ncbi.nlm.nih.gov/articles/PMC11247213/	0.405	gemini-3.1-flash-lite-preview	34	{"curiosity": 7, "clarity": 8, "novelty": 6, "memorability": 7, "shareability": 6}	["#Biochemistry", "#ClinicalBiochemistry", "#Biotech", "#Biotechnology", "#MedicalScience"]	completed_low_score
20260316_090434	Unexpected Discoveries Should Be Reconsidered in Science ... - PMC	["Author Name"]	PubMed	2080	https://pmc.ncbi.nlm.nih.gov/articles/PMC6720802/	0.525	gemini-3.1-flash-lite-preview	38	{"curiosity": 8, "clarity": 9, "novelty": 7, "memorability": 8, "shareability": 6}	[]	scored
20260316_090434	Unexpected Discoveries Should Be Reconsidered in Science ... - PMC	["Author Name"]	PubMed	2080	https://pmc.ncbi.nlm.nih.gov/articles/PMC6720802/	0.525	gemini-3.1-flash-lite-preview	38	{"curiosity": 8, "clarity": 9, "novelty": 7, "memorability": 8, "shareability": 6}	["#Biochemistry", "#ClinicalBiochemistry", "#MedicalScience", "#HealthScience", "#Science"]	completed
20260316_090441	Intracellular Ca2+ signalling: unexpected new roles for the usual ...	["Author Name"]	PubMed	2022	https://pmc.ncbi.nlm.nih.gov/articles/PMC10413985/	0.4025	gemini-3.1-flash-lite-preview	39	{"curiosity": 8, "clarity": 9, "novelty": 7, "memorability": 8, "shareability": 7}	[]	scored
20260316_090441	Intracellular Ca2+ signalling: unexpected new roles for the usual ...	["Author Name"]	PubMed	2022	https://pmc.ncbi.nlm.nih.gov/articles/PMC10413985/	0.4025	gemini-3.1-flash-lite-preview	39	{"curiosity": 8, "clarity": 9, "novelty": 7, "memorability": 8, "shareability": 7}	["#Physiology", "#HumanPhysiology", "#MedicalScience", "#HealthScience", "#Science"]	completed
20260316_092017	Biochemistry - Nature	["Author Name"]	Nature	2025	https://www.nature.com/subjects/biochemistry/nature?searchType=journalSearch&sort=PubDate&page=2	0.5	gemini-3.1-flash-lite-preview	38	{"curiosity": 8, "clarity": 9, "novelty": 8, "memorability": 7, "shareability": 6}	[]	scored
20260316_092017	Biochemistry - Nature	["Author Name"]	Nature	2025	https://www.nature.com/subjects/biochemistry/nature?searchType=journalSearch&sort=PubDate&page=2	0.5	gemini-3.1-flash-lite-preview	38	{"curiosity": 8, "clarity": 9, "novelty": 8, "memorability": 7, "shareability": 6}	["#Metabolism", "#Diabetes", "#Glucose", "#Biochemistry", "#ClinicalBiochemistry"]	completed
20260316_092028	Biochemistry articles within Nature Medicine	["Author Name"]	Nature	2020	https://www.nature.com/subjects/biochemistry/nm	0.5	gemini-3.1-flash-lite-preview	37	{"curiosity": 8, "clarity": 9, "novelty": 7, "memorability": 7, "shareability": 6}	[]	scored
20260316_092028	Biochemistry articles within Nature Medicine	["Author Name"]	Nature	2020	https://www.nature.com/subjects/biochemistry/nm	0.5	gemini-3.1-flash-lite-preview	37	{"curiosity": 8, "clarity": 9, "novelty": 7, "memorability": 7, "shareability": 6}	["#Biochemistry", "#ClinicalBiochemistry", "#Biotech", "#Biotechnology", "#MedicalScience"]	completed
20260316_093549	Metabolic Regulation of Inflammation and Its Resolution	["Author Name"]	PubMed	None	https://pmc.ncbi.nlm.nih.gov/articles/PMC9996538/	0.44500000000000006	gemini-3.1-flash-lite-preview	38	{"curiosity": 7, "clarity": 9, "novelty": 7, "memorability": 8, "shareability": 7}	[]	scored
20260316_093549	Metabolic Regulation of Inflammation and Its Resolution	["Author Name"]	PubMed	None	https://pmc.ncbi.nlm.nih.gov/articles/PMC9996538/	0.44500000000000006	gemini-3.1-flash-lite-preview	38	{"curiosity": 7, "clarity": 9, "novelty": 7, "memorability": 8, "shareability": 7}	["#Metabolism", "#Diabetes", "#Glucose", "#MedicalScience", "#HealthScience"]	completed
20260316_093555	Metabolic regulation of the immune system in health and ...	["Author Name"]	Nature	1954	https://www.nature.com/articles/s41392-024-01954-6	0.5	gemini-3.1-flash-lite-preview	39	{"curiosity": 8, "clarity": 9, "novelty": 7, "memorability": 8, "shareability": 7}	[]	scored
20260316_093555	Metabolic regulation of the immune system in health and ...	["Author Name"]	Nature	1954	https://www.nature.com/articles/s41392-024-01954-6	0.5	gemini-3.1-flash-lite-preview	39	{"curiosity": 8, "clarity": 9, "novelty": 7, "memorability": 8, "shareability": 7}	["#Metabolism", "#Diabetes", "#Glucose", "#Biochemistry", "#ClinicalBiochemistry"]	completed
20260316_095227	Molecular mechanisms underlying chemical liver injury - PMC - NIH	["Author Name"]	PubMed	None	https://pmc.ncbi.nlm.nih.gov/articles/PMC3704158/	0.44499999999999995	gemini-3.1-flash-lite-preview	37	{"curiosity": 8, "clarity": 9, "novelty": 7, "memorability": 7, "shareability": 6}	[]	scored
20260316_095227	Molecular mechanisms underlying chemical liver injury - PMC - NIH	["Author Name"]	PubMed	None	https://pmc.ncbi.nlm.nih.gov/articles/PMC3704158/	0.44499999999999995	gemini-3.1-flash-lite-preview	37	{"curiosity": 8, "clarity": 9, "novelty": 7, "memorability": 7, "shareability": 6}	["#Biotech", "#Biotechnology", "#MedicalScience", "#HealthScience", "#Science"]	completed
20260316_095233	Molecular mechanisms of cellular metabolic homeostasis in stem cells	["Author Name"]	PubMed	None	https://pmc.ncbi.nlm.nih.gov/articles/PMC10692173/	0.47	gemini-3.1-flash-lite-preview	34	{"curiosity": 7, "clarity": 8, "novelty": 7, "memorability": 6, "shareability": 6}	[]	scored
20260316_095233	Molecular mechanisms of cellular metabolic homeostasis in stem cells	["Author Name"]	PubMed	None	https://pmc.ncbi.nlm.nih.gov/articles/PMC10692173/	0.47	gemini-3.1-flash-lite-preview	35	{"curiosity": 7, "clarity": 8, "novelty": 7, "memorability": 7, "shareability": 6}	["#Biochemistry", "#ClinicalBiochemistry", "#MedicalScience", "#HealthScience", "#Science"]	completed
20260316_100916	Rare biochemical & genetic conditions: clues for broader ... - PMC	["Author Name"]	PubMed	1985	https://pmc.ncbi.nlm.nih.gov/articles/PMC11985829/	0.42000000000000004	gemini-3.1-flash-lite-preview	39	{"curiosity": 8, "clarity": 9, "novelty": 7, "memorability": 8, "shareability": 7}	[]	scored
20260316_100916	Rare biochemical & genetic conditions: clues for broader ... - PMC	["Author Name"]	PubMed	1985	https://pmc.ncbi.nlm.nih.gov/articles/PMC11985829/	0.42000000000000004	gemini-3.1-flash-lite-preview	39	{"curiosity": 8, "clarity": 9, "novelty": 7, "memorability": 8, "shareability": 7}	["#Biochemistry", "#ClinicalBiochemistry", "#MedicalScience", "#HealthScience", "#Science"]	completed
20260316_100922	Tumor biomarkers for diagnosis, prognosis and targeted therapy	["Author Name"]	PubMed	1959	https://pmc.ncbi.nlm.nih.gov/articles/PMC11102923/	0.4625000000000001	gemini-3.1-flash-lite-preview	35	{"curiosity": 7, "clarity": 8, "novelty": 7, "memorability": 7, "shareability": 6}	[]	scored
20260316_100922	Tumor biomarkers for diagnosis, prognosis and targeted therapy	["Author Name"]	PubMed	1959	https://pmc.ncbi.nlm.nih.gov/articles/PMC11102923/	0.4625000000000001	gemini-3.1-flash-lite-preview	35	{"curiosity": 7, "clarity": 8, "novelty": 7, "memorability": 7, "shareability": 6}	["#Biochemistry", "#ClinicalBiochemistry", "#Physiology", "#HumanPhysiology", "#MedicalScience"]	completed
20260316_102441	Biomarkers: Promising and valuable tools towards diagnosis ... - PMC	["Author Name"]	PubMed	None	https://pmc.ncbi.nlm.nih.gov/articles/PMC9884646/	0.5	gemini-3.1-flash-lite-preview	34	{"curiosity": 7, "clarity": 8, "novelty": 7, "memorability": 6, "shareability": 6}	[]	scored
20260316_102441	Biomarkers: Promising and valuable tools towards diagnosis ... - PMC	["Author Name"]	PubMed	None	https://pmc.ncbi.nlm.nih.gov/articles/PMC9884646/	0.5	gemini-3.1-flash-lite-preview	35	{"curiosity": 7, "clarity": 8, "novelty": 7, "memorability": 7, "shareability": 6}	["#Biotech", "#Biotechnology", "#MedicalScience", "#HealthScience", "#Science"]	completed
20260316_102844	Energy metabolism in health and diseases - Nature	["Author Name"]	Nature	None	https://www.nature.com/articles/s41392-025-02141-x	0.5	gemini-3.1-flash-lite-preview	38	{"curiosity": 8, "clarity": 9, "novelty": 7, "memorability": 7, "shareability": 7}	[]	scored
20260316_102844	Energy metabolism in health and diseases - Nature	["Author Name"]	Nature	None	https://www.nature.com/articles/s41392-025-02141-x	0.5	gemini-3.1-flash-lite-preview	38	{"curiosity": 8, "clarity": 9, "novelty": 7, "memorability": 7, "shareability": 7}	["#Metabolism", "#Diabetes", "#Glucose", "#Biochemistry", "#ClinicalBiochemistry"]	completed
20260317_065241	Molecular mechanism of trehalose 6-phosphate inhibition ... - Science	["Author Name"]	Science	None	https://www.science.org/doi/10.1126/sciadv.adn0895	0.5	gemini-3.1-flash-lite-preview	35	{"curiosity": 7, "clarity": 8, "novelty": 7, "memorability": 7, "shareability": 6}	[]	scored
20260317_065241	Molecular mechanism of trehalose 6-phosphate inhibition ... - Science	["Author Name"]	Science	None	https://www.science.org/doi/10.1126/sciadv.adn0895	0.5	gemini-3.1-flash-lite-preview	35	{"curiosity": 7, "clarity": 8, "novelty": 7, "memorability": 7, "shareability": 6}	["#Biochemistry", "#ClinicalBiochemistry", "#Biotech", "#Biotechnology", "#MedicalScience"]	completed
20260317_065247	New discoveries in therapeutic targets and drug development ... - PMC	["Author Name"]	PubMed	2024	https://pmc.ncbi.nlm.nih.gov/articles/PMC12135312/	0.46	gemini-3.1-flash-lite-preview	39	{"curiosity": 8, "clarity": 9, "novelty": 7, "memorability": 8, "shareability": 7}	[]	scored
20260317_065247	New discoveries in therapeutic targets and drug development ... - PMC	["Author Name"]	PubMed	2024	https://pmc.ncbi.nlm.nih.gov/articles/PMC12135312/	0.46	gemini-3.1-flash-lite-preview	39	{"curiosity": 8, "clarity": 9, "novelty": 7, "memorability": 8, "shareability": 7}	["#Metabolism", "#Diabetes", "#Glucose", "#Biochemistry", "#ClinicalBiochemistry"]	completed
20260317_070809	Combined transcriptome and metabolome integrated analysis of ...	["Author Name"]	Nature	2013	https://www.nature.com/articles/s41598-021-02607-2	0.5	gemini-3.1-flash-lite-preview	31	{"curiosity": 6, "clarity": 8, "novelty": 5, "memorability": 7, "shareability": 5}	[]	scored
20260317_070809	Combined transcriptome and metabolome integrated analysis of ...	["Author Name"]	Nature	2013	https://www.nature.com/articles/s41598-021-02607-2	0.5	gemini-3.1-flash-lite-preview	35	{"curiosity": 7, "clarity": 8, "novelty": 7, "memorability": 7, "shareability": 6}	["#Biochemistry", "#ClinicalBiochemistry", "#Biotech", "#Biotechnology", "#MedicalScience"]	completed
20260317_070841	Metabolic dysregulation in pulmonary fibrosis: insights into amino ...	["Author Name"]	Nature	2019	https://www.nature.com/articles/s41420-025-02715-2	0.5	gemini-3.1-flash-lite-preview	40	{"curiosity": 8, "clarity": 9, "novelty": 8, "memorability": 8, "shareability": 7}	[]	scored
20260317_070841	Metabolic dysregulation in pulmonary fibrosis: insights into amino ...	["Author Name"]	Nature	2019	https://www.nature.com/articles/s41420-025-02715-2	0.5	gemini-3.1-flash-lite-preview	40	{"curiosity": 8, "clarity": 9, "novelty": 8, "memorability": 8, "shareability": 7}	["#Metabolism", "#Diabetes", "#Glucose", "#Biochemistry", "#ClinicalBiochemistry"]	completed
20260317_072404	Energy metabolism in health and diseases - Nature	["Author Name"]	Nature	2011	https://www.nature.com/articles/s41392-025-02141-x	0.5	gemini-3.1-flash-lite-preview	39	{"curiosity": 8, "clarity": 9, "novelty": 7, "memorability": 8, "shareability": 7}	[]	scored
20260317_072404	Energy metabolism in health and diseases - Nature	["Author Name"]	Nature	2011	https://www.nature.com/articles/s41392-025-02141-x	0.5	gemini-3.1-flash-lite-preview	39	{"curiosity": 8, "clarity": 9, "novelty": 7, "memorability": 8, "shareability": 7}	["#Metabolism", "#Diabetes", "#Glucose", "#Biochemistry", "#ClinicalBiochemistry"]	completed
20260317_072410	A 'Nobel' Look at Metabolism - PMC - NIH	["Author Name"]	PubMed	1964	https://pmc.ncbi.nlm.nih.gov/articles/PMC12866293/	0.47500000000000003	gemini-3.1-flash-lite-preview	36	{"curiosity": 8, "clarity": 8, "novelty": 7, "memorability": 7, "shareability": 6}	[]	scored
20260317_072410	A 'Nobel' Look at Metabolism - PMC - NIH	["Author Name"]	PubMed	1964	https://pmc.ncbi.nlm.nih.gov/articles/PMC12866293/	0.47500000000000003	gemini-3.1-flash-lite-preview	36	{"curiosity": 8, "clarity": 8, "novelty": 7, "memorability": 7, "shareability": 6}	["#Metabolism", "#Diabetes", "#Glucose", "#Physiology", "#HumanPhysiology"]	completed
20260317_073932	The role of KLRG1: a novel biomarker and new therapeutic target	["Author Name"]	PubMed	None	https://pmc.ncbi.nlm.nih.gov/articles/PMC11186184/	0.47	gemini-3.1-flash-lite-preview	39	{"curiosity": 8, "clarity": 9, "novelty": 7, "memorability": 8, "shareability": 7}	[]	scored
20260317_073932	The role of KLRG1: a novel biomarker and new therapeutic target	["Author Name"]	PubMed	None	https://pmc.ncbi.nlm.nih.gov/articles/PMC11186184/	0.47	gemini-3.1-flash-lite-preview	39	{"curiosity": 8, "clarity": 9, "novelty": 7, "memorability": 8, "shareability": 7}	["#Biotech", "#Biotechnology", "#MedicalScience", "#HealthScience", "#Science"]	completed
20260317_073939	Microphysiological systems to advance human pathophysiology and ...	["Author Name"]	PubMed	2091	https://pmc.ncbi.nlm.nih.gov/articles/PMC12091598/	0.43000000000000005	gemini-3.1-flash-lite-preview	38	{"curiosity": 7, "clarity": 9, "novelty": 7, "memorability": 8, "shareability": 7}	[]	scored
20260317_073939	Microphysiological systems to advance human pathophysiology and ...	["Author Name"]	PubMed	2091	https://pmc.ncbi.nlm.nih.gov/articles/PMC12091598/	0.43000000000000005	gemini-3.1-flash-lite-preview	38	{"curiosity": 7, "clarity": 9, "novelty": 7, "memorability": 8, "shareability": 7}	["#Physiology", "#HumanPhysiology", "#Biotech", "#Biotechnology", "#MedicalScience"]	completed
20260317_075458	2025: research in review | Nature Biotechnology	["Author Name"]	Nature	None	https://www.nature.com/articles/s41587-025-02961-w	0.5	gemini-3.1-flash-lite-preview	34	{"curiosity": 7, "clarity": 8, "novelty": 6, "memorability": 7, "shareability": 6}	[]	scored
20260317_075458	2025: research in review | Nature Biotechnology	["Author Name"]	Nature	None	https://www.nature.com/articles/s41587-025-02961-w	0.5	gemini-3.1-flash-lite-preview	35	{"curiosity": 7, "clarity": 8, "novelty": 7, "memorability": 7, "shareability": 6}	["#Biotech", "#Biotechnology", "#Science", "#Research"]	completed
20260317_075534	Nature Index Medical Biotechnology articles	["Author Name"]	Nature	None	https://www.nature.com/nature-index/topics/medical-biotechnology/articles	0.5	gemini-3.1-flash-lite-preview	35	{"curiosity": 7, "clarity": 8, "novelty": 7, "memorability": 7, "shareability": 6}	[]	scored
20260317_075534	Nature Index Medical Biotechnology articles	["Author Name"]	Nature	None	https://www.nature.com/nature-index/topics/medical-biotechnology/articles	0.5	gemini-3.1-flash-lite-preview	35	{"curiosity": 7, "clarity": 8, "novelty": 7, "memorability": 7, "shareability": 6}	["#Biotech", "#Biotechnology", "#MedicalScience", "#HealthScience", "#Science"]	completed
20260317_081057	Emerging Biomarkers in Metabolomics: Advancements in Precision ...	["Author Name"]	PubMed	2057	https://pmc.ncbi.nlm.nih.gov/articles/PMC11642057/	0.48250000000000004	gemini-3.1-flash-lite-preview	39	{"curiosity": 8, "clarity": 9, "novelty": 7, "memorability": 8, "shareability": 7}	[]	scored
20260317_081057	Emerging Biomarkers in Metabolomics: Advancements in Precision ...	["Author Name"]	PubMed	2057	https://pmc.ncbi.nlm.nih.gov/articles/PMC11642057/	0.48250000000000004	gemini-3.1-flash-lite-preview	39	{"curiosity": 8, "clarity": 9, "novelty": 7, "memorability": 8, "shareability": 7}	["#Biochemistry", "#ClinicalBiochemistry", "#Biotech", "#Biotechnology", "#MedicalScience"]	completed
20260317_081102	Noninvasive Urinary Biomarkers for Obesity-Related Metabolic ...	["Author Name"]	PubMed	None	https://pmc.ncbi.nlm.nih.gov/articles/PMC12109552/	0.44500000000000006	gemini-3.1-flash-lite-preview	36	{"curiosity": 8, "clarity": 8, "novelty": 7, "memorability": 7, "shareability": 6}	[]	scored
20260317_081102	Noninvasive Urinary Biomarkers for Obesity-Related Metabolic ...	["Author Name"]	PubMed	None	https://pmc.ncbi.nlm.nih.gov/articles/PMC12109552/	0.44500000000000006	gemini-3.1-flash-lite-preview	36	{"curiosity": 8, "clarity": 8, "novelty": 7, "memorability": 7, "shareability": 6}	["#Metabolism", "#Diabetes", "#Glucose", "#Biochemistry", "#ClinicalBiochemistry"]	completed
20260317_084325	Cell–cell communication: new insights and clinical implications	["Author Name"]	Nature	None	https://www.nature.com/articles/s41392-024-01888-z	0.5	gemini-3.1-flash-lite-preview	34	{"curiosity": 7, "clarity": 8, "novelty": 6, "memorability": 7, "shareability": 6}	[]	scored
20260317_084325	Cell–cell communication: new insights and clinical implications	["Author Name"]	Nature	None	https://www.nature.com/articles/s41392-024-01888-z	0.5	gemini-3.1-flash-lite-preview	35	{"curiosity": 7, "clarity": 8, "novelty": 7, "memorability": 7, "shareability": 6}	["#Biochemistry", "#ClinicalBiochemistry", "#Biotech", "#Biotechnology", "#MedicalScience"]	completed
20260317_084336	Emerging Biomarkers in Metabolomics: Advancements in Precision ...	["Author Name"]	PubMed	2057	https://pmc.ncbi.nlm.nih.gov/articles/PMC11642057/	0.4700000000000001	gemini-3.1-flash-lite-preview	39	{"curiosity": 8, "clarity": 9, "novelty": 7, "memorability": 8, "shareability": 7}	[]	scored
20260317_084336	Emerging Biomarkers in Metabolomics: Advancements in Precision ...	["Author Name"]	PubMed	2057	https://pmc.ncbi.nlm.nih.gov/articles/PMC11642057/	0.4700000000000001	gemini-3.1-flash-lite-preview	39	{"curiosity": 8, "clarity": 9, "novelty": 7, "memorability": 8, "shareability": 7}	["#Biochemistry", "#ClinicalBiochemistry", "#Physiology", "#HumanPhysiology", "#MedicalScience"]	completed
20260317_085858	Metabolomics‐driven approaches for identifying therapeutic targets ...	["Author Name"]	PubMed	None	https://pmc.ncbi.nlm.nih.gov/articles/PMC11555024/	0.47	gemini-3.1-flash-lite-preview	36	{"curiosity": 8, "clarity": 8, "novelty": 7, "memorability": 7, "shareability": 6}	[]	scored
20260317_085858	Metabolomics‐driven approaches for identifying therapeutic targets ...	["Author Name"]	PubMed	None	https://pmc.ncbi.nlm.nih.gov/articles/PMC11555024/	0.47	gemini-3.1-flash-lite-preview	36	{"curiosity": 8, "clarity": 8, "novelty": 7, "memorability": 7, "shareability": 6}	["#Metabolism", "#Diabetes", "#Glucose", "#Biochemistry", "#ClinicalBiochemistry"]	completed
20260317_085904	A genomic approach to therapeutic target validation identifies a ...	["Author Name"]	Science	2013	https://www.science.org/doi/10.1126/scitranslmed.aad3744	0.5	gemini-3.1-flash-lite-preview	39	{"curiosity": 8, "clarity": 9, "novelty": 7, "memorability": 8, "shareability": 7}	[]	scored
20260317_085904	A genomic approach to therapeutic target validation identifies a ...	["Author Name"]	Science	2013	https://www.science.org/doi/10.1126/scitranslmed.aad3744	0.5	gemini-3.1-flash-lite-preview	39	{"curiosity": 8, "clarity": 9, "novelty": 7, "memorability": 8, "shareability": 7}	["#Biochemistry", "#ClinicalBiochemistry", "#Biotech", "#Biotechnology", "#MedicalScience"]	completed
20260317_091425	Health sciences articles within Nature Cell Biology	["Author Name"]	Nature	2025	https://www.nature.com/subjects/health-sciences/ncb	0.5	gemini-3.1-flash-lite-preview	36	{"curiosity": 8, "clarity": 8, "novelty": 7, "memorability": 7, "shareability": 6}	[]	scored
20260317_091425	Health sciences articles within Nature Cell Biology	["Author Name"]	Nature	2025	https://www.nature.com/subjects/health-sciences/ncb	0.5	gemini-3.1-flash-lite-preview	36	{"curiosity": 8, "clarity": 8, "novelty": 7, "memorability": 7, "shareability": 6}	["#Biochemistry", "#ClinicalBiochemistry", "#Biotech", "#Biotechnology", "#MedicalScience"]	completed
20260317_091433	Balancing AI and human insights in scientific discovery - PMC - NIH	["Author Name"]	PubMed	2025	https://pmc.ncbi.nlm.nih.gov/articles/PMC12881746/	0.4225	gemini-3.1-flash-lite-preview	35	{"curiosity": 7, "clarity": 8, "novelty": 7, "memorability": 7, "shareability": 6}	[]	scored
20260317_091433	Balancing AI and human insights in scientific discovery - PMC - NIH	["Author Name"]	PubMed	2025	https://pmc.ncbi.nlm.nih.gov/articles/PMC12881746/	0.4225	gemini-3.1-flash-lite-preview	35	{"curiosity": 7, "clarity": 8, "novelty": 7, "memorability": 7, "shareability": 6}	["#Biochemistry", "#ClinicalBiochemistry", "#Physiology", "#HumanPhysiology", "#Biotech"]	completed
20260317_092955	Introduction to The Special Issue: Novel Molecular Pathways ... - PMC	["Author Name"]	PubMed	2050	https://pmc.ncbi.nlm.nih.gov/articles/PMC10473067/	0.54	gemini-3.1-flash-lite-preview	34	{"curiosity": 7, "clarity": 8, "novelty": 7, "memorability": 6, "shareability": 6}	[]	scored
20260317_092955	Introduction to The Special Issue: Novel Molecular Pathways ... - PMC	["Author Name"]	PubMed	2050	https://pmc.ncbi.nlm.nih.gov/articles/PMC10473067/	0.54	gemini-3.1-flash-lite-preview	39	{"curiosity": 8, "clarity": 9, "novelty": 7, "memorability": 8, "shareability": 7}	["#Biochemistry", "#ClinicalBiochemistry", "#Physiology", "#HumanPhysiology", "#Biotech"]	completed
20260317_093006	Biotechnology - Latest research and news - Nature	["Author Name"]	Nature	None	https://www.nature.com/subjects/biotechnology	0.5	gemini-3.1-flash-lite-preview	32	{"curiosity": 7, "clarity": 8, "novelty": 6, "memorability": 6, "shareability": 5}	[]	scored
20260317_093006	Biotechnology - Latest research and news - Nature	["Author Name"]	Nature	None	https://www.nature.com/subjects/biotechnology	0.5	gemini-3.1-flash-lite-preview	39	{"curiosity": 8, "clarity": 9, "novelty": 7, "memorability": 8, "shareability": 7}	["#Physiology", "#HumanPhysiology", "#Biotech", "#Biotechnology", "#MedicalScience"]	completed
20260317_094529	Warfarin alters vitamin K metabolism: a surprising mechanism ... - PMC	["Author Name"]	PubMed	None	https://pmc.ncbi.nlm.nih.gov/articles/PMC6014353/	0.4175	gemini-3.1-flash-lite-preview	37	{"curiosity": 8, "clarity": 9, "novelty": 7, "memorability": 7, "shareability": 6}	[]	scored
20260317_094529	Warfarin alters vitamin K metabolism: a surprising mechanism ... - PMC	["Author Name"]	PubMed	None	https://pmc.ncbi.nlm.nih.gov/articles/PMC6014353/	0.4175	gemini-3.1-flash-lite-preview	37	{"curiosity": 8, "clarity": 9, "novelty": 7, "memorability": 7, "shareability": 6}	["#Metabolism", "#Diabetes", "#Glucose", "#Biochemistry", "#ClinicalBiochemistry"]	completed
20260317_094535	Metabolic regulation of the immune system in health and diseases	["Author Name"]	Nature	1954	https://www.nature.com/articles/s41392-024-01954-6	0.5	gemini-3.1-flash-lite-preview	34	{"curiosity": 7, "clarity": 8, "novelty": 7, "memorability": 6, "shareability": 6}	[]	scored
20260317_094535	Metabolic regulation of the immune system in health and diseases	["Author Name"]	Nature	1954	https://www.nature.com/articles/s41392-024-01954-6	0.5	gemini-3.1-flash-lite-preview	39	{"curiosity": 8, "clarity": 9, "novelty": 7, "memorability": 8, "shareability": 7}	["#Metabolism", "#Diabetes", "#Glucose", "#Biochemistry", "#ClinicalBiochemistry"]	completed
20260317_100059	Metabolic regulation of obesity by naturally occurring compounds	["Author Name"]	PubMed	None	https://pmc.ncbi.nlm.nih.gov/articles/PMC12463599/	0.41000000000000003	gemini-3.1-flash-lite-preview	39	{"curiosity": 8, "clarity": 9, "novelty": 7, "memorability": 8, "shareability": 7}	[]	scored
20260317_100059	Metabolic regulation of obesity by naturally occurring compounds	["Author Name"]	PubMed	None	https://pmc.ncbi.nlm.nih.gov/articles/PMC12463599/	0.41000000000000003	gemini-3.1-flash-lite-preview	39	{"curiosity": 8, "clarity": 9, "novelty": 7, "memorability": 8, "shareability": 7}	["#Metabolism", "#Diabetes", "#Glucose", "#Biochemistry", "#ClinicalBiochemistry"]	completed
20260317_100105	Emerging Biomarkers in Metabolomics: Advancements in Precision ...	["Author Name"]	PubMed	2057	https://pmc.ncbi.nlm.nih.gov/articles/PMC11642057/	0.4375	gemini-3.1-flash-lite-preview	37	{"curiosity": 8, "clarity": 9, "novelty": 7, "memorability": 7, "shareability": 6}	[]	scored
20260317_100105	Emerging Biomarkers in Metabolomics: Advancements in Precision ...	["Author Name"]	PubMed	2057	https://pmc.ncbi.nlm.nih.gov/articles/PMC11642057/	0.4375	gemini-3.1-flash-lite-preview	37	{"curiosity": 8, "clarity": 9, "novelty": 7, "memorability": 7, "shareability": 6}	["#Metabolism", "#Diabetes", "#Glucose", "#MedicalScience", "#HealthScience"]	completed
20260317_101659	Cell–cell communication: new insights and clinical implications	["Author Name"]	Nature	None	https://www.nature.com/articles/s41392-024-01888-z	0.5	gemini-3.1-flash-lite-preview	36	{"curiosity": 8, "clarity": 8, "novelty": 7, "memorability": 7, "shareability": 6}	[]	scored
20260317_101659	Cell–cell communication: new insights and clinical implications	["Author Name"]	Nature	None	https://www.nature.com/articles/s41392-024-01888-z	0.5	gemini-3.1-flash-lite-preview	36	{"curiosity": 8, "clarity": 8, "novelty": 7, "memorability": 7, "shareability": 6}	["#Biochemistry", "#ClinicalBiochemistry", "#MedicalScience", "#HealthScience", "#Science"]	completed
20260317_101706	Metabolic diseases - Latest research and news - Nature	["Author Name"]	Nature	None	https://www.nature.com/subjects/metabolic-diseases	0.5	gemini-3.1-flash-lite-preview	39	{"curiosity": 8, "clarity": 9, "novelty": 7, "memorability": 8, "shareability": 7}	[]	scored
20260317_101706	Metabolic diseases - Latest research and news - Nature	["Author Name"]	Nature	None	https://www.nature.com/subjects/metabolic-diseases	0.5	gemini-3.1-flash-lite-preview	39	{"curiosity": 8, "clarity": 9, "novelty": 7, "memorability": 8, "shareability": 7}	["#Metabolism", "#Diabetes", "#Glucose", "#Biotech", "#Biotechnology"]	completed
20260317_103228	reports from the Advances in Targeted Therapies meeting, 2024	["Author Name"]	PubMed	None	https://pubmed.ncbi.nlm.nih.gov/40240265/	0.4325	gemini-3.1-flash-lite-preview	39	{"curiosity": 8, "clarity": 9, "novelty": 7, "memorability": 8, "shareability": 7}	[]	scored
20260317_103228	reports from the Advances in Targeted Therapies meeting, 2024	["Author Name"]	PubMed	None	https://pubmed.ncbi.nlm.nih.gov/40240265/	0.4325	gemini-3.1-flash-lite-preview	39	{"curiosity": 8, "clarity": 9, "novelty": 7, "memorability": 8, "shareability": 7}	["#Biochemistry", "#ClinicalBiochemistry", "#Biotech", "#Biotechnology", "#MedicalScience"]	completed
20260317_103235	Editorial: Bridging discovery and translation in novel biomarkers and ...	["Author Name"]	PubMed	None	https://pmc.ncbi.nlm.nih.gov/articles/PMC12137228/	0.4075	gemini-3.1-flash-lite-preview	34	{"curiosity": 7, "clarity": 8, "novelty": 6, "memorability": 7, "shareability": 6}	[]	scored
20260317_103235	Editorial: Bridging discovery and translation in novel biomarkers and ...	["Author Name"]	PubMed	None	https://pmc.ncbi.nlm.nih.gov/articles/PMC12137228/	0.4075	gemini-3.1-flash-lite-preview	34	{"curiosity": 7, "clarity": 8, "novelty": 7, "memorability": 6, "shareability": 6}	["#Biochemistry", "#ClinicalBiochemistry", "#MedicalScience", "#HealthScience", "#Science"]	completed_low_score
